{
    "na.hypixel.net": {
        "1609650003.5502172": 96219,
        "1609650303.6484382": 94799,
        "1609650603.5690358": 93999,
        "1609650903.650601": 92990,
        "1609651203.6644115": 92414,
        "1609651803.4955122": 90794,
        "1609652103.632917": 89805,
        "1609652403.5768538": 89092,
        "1609652703.59289": 88171,
        "1609653003.5361254": 87559,
        "1609653303.6354246": 86718,
        "1609653603.467636": 85750,
        "1609653903.64569": 84120,
        "1609654203.5408254": 83382,
        "1609654503.713961": 82540,
        "1609654803.554871": 81962,
        "1609655103.6451247": 80716,
        "1609655403.5703304": 80157,
        "1609655708.5627306": 79224,
        "1609656003.516781": 78270,
        "1609656303.5441847": 77653,
        "1609656603.5901055": 76909,
        "1609656903.6760976": 76121
    },
    "mc.nexly.network": {
        "1609650003.073319": 5,
        "1609650303.0182357": 8,
        "1609650603.107828": 8,
        "1609650903.1090322": 8,
        "1609651203.1736681": 8,
        "1609651803.0370932": 8,
        "1609652103.1140075": 6,
        "1609652403.0975933": 8,
        "1609652703.1373677": 9,
        "1609653003.0571427": 11,
        "1609653303.0726635": 10,
        "1609653603.0179214": 10,
        "1609653903.0969675": 9,
        "1609654203.0495744": 6,
        "1609654503.057463": 5,
        "1609654803.051314": 4,
        "1609655103.1746204": 4,
        "1609655403.0884445": 5,
        "1609655703.0477338": 4,
        "1609656003.0587883": 4,
        "1609656303.0412643": 4,
        "1609656603.1043465": 6,
        "1609656903.077104": 8
    },
    "mc.good-gaming.com": {
        "1609650002.5661259": 69,
        "1609650302.556128": 68,
        "1609650602.5801675": 68,
        "1609650902.6510196": 69,
        "1609651202.5541534": 69,
        "1609651802.5676782": 71,
        "1609652102.5954459": 71,
        "1609652402.6178355": 68,
        "1609652702.5600903": 67,
        "1609653002.5871818": 67,
        "1609653302.5434468": 65,
        "1609653602.5547607": 66,
        "1609653902.578703": 66,
        "1609654202.5895102": 65,
        "1609654502.587903": 65,
        "1609654802.5827658": 66,
        "1609655102.5846274": 65,
        "1609655402.6163492": 66,
        "1609655702.5665693": 65,
        "1609656002.58069": 67,
        "1609656302.5558646": 68,
        "1609656602.5488396": 67,
        "1609656902.6108112": 68
    },
    "us.mineplex.com": {
        "1609650004.0084038": 2443,
        "1609650304.086309": 2434,
        "1609650604.034394": 2407,
        "1609650904.128971": 2372,
        "1609651204.1813548": 2361,
        "1609651803.974661": 2272,
        "1609652104.1449256": 2227,
        "1609652404.0517647": 2248,
        "1609652704.0430546": 2214,
        "1609653004.1081245": 2134,
        "1609653304.0791228": 2072,
        "1609653604.0165179": 2075,
        "1609653904.0957675": 2016,
        "1609654204.1517582": 1921,
        "1609654504.2027354": 1905,
        "1609654809.0445135": 1830,
        "1609655104.1064477": 1759,
        "1609655404.218261": 1671,
        "1609655709.1166654": 1666,
        "1609656004.1561682": 1608,
        "1609656304.023188": 1592,
        "1609656604.079219": 1608,
        "1609656904.1380575": 1522
    },
    "bedwarspractice.club": {
        "1609650002.222414": 668,
        "1609650302.2075155": 627,
        "1609650602.2241187": 648,
        "1609650902.2259612": 662,
        "1609651202.230097": 611,
        "1609651802.2169666": 638,
        "1609652102.214433": 630,
        "1609652402.2766154": 620,
        "1609652702.237078": 609,
        "1609653002.2333646": 593,
        "1609653302.227104": 566,
        "1609653602.2262363": 532,
        "1609653902.2341647": 517,
        "1609654202.228808": 500,
        "1609654502.2421482": 486,
        "1609654802.238397": 483,
        "1609655102.22735": 476,
        "1609655402.2316208": 468,
        "1609655702.2291791": 459,
        "1609656002.247223": 501,
        "1609656302.2215629": 485,
        "1609656602.2231398": 484,
        "1609656902.2594478": 484
    }
}